reader_id,stop_name,stop_lat,stop_lon
0x23cdb,Bellegarde - gare,46.1061,5.8229
0x20769,Culoz,45.8431292,5.7786982
0x303fa,Grenoble - Île Verte,45.1972520,5.7367666
0x303fb,Grenoble - Victor Hugo,45.1898164,5.7251056
0x480a,Chambéry - Gare routière,45.56993509353403,5.9172689147784245
0x3fa2,Les Echelles - La place,45.43787721555414,5.751986754695887